{
  "model": "deit_base",
  "method": "attention_rollout",
  "n_images": 450,
  "accuracy": 0.9444444444444444,
  "mean_insertion_auc": 0.8398019082777661,
  "mean_deletion_auc": 0.8376424528059518,
  "mean_faithfulness": 0.0021594554718142867
}