{
  "model": "vit_base",
  "method": "integrated_gradients",
  "n_images": 450,
  "accuracy": 0.9266666666666666,
  "mean_insertion_auc": 0.5078021243716947,
  "mean_deletion_auc": 0.3327498885091032,
  "mean_faithfulness": 0.1750522358625915
}