{
  "method": "gradcam",
  "n_images": 450,
  "accuracy": 0.9133333333333333,
  "mean_insertion_auc": 0.7573803735961258,
  "mean_deletion_auc": 0.559581690028114,
  "mean_faithfulness": 0.19779868356801178
}