{
  "model": "swin_base",
  "method": "gradcam",
  "n_images": 450,
  "accuracy": 0.9577777777777777,
  "mean_insertion_auc": 0.9092342724018787,
  "mean_deletion_auc": 0.9027445552737585,
  "mean_faithfulness": 0.006489717128120187
}