{
  "model": "dinov2",
  "method": "gradcam",
  "n_images": 450,
  "accuracy": 0.9466666666666667,
  "mean_insertion_auc": 0.8248023878389072,
  "mean_deletion_auc": 0.6199842870675535,
  "mean_faithfulness": 0.20481810077135376
}